factura,producto,cantidad,fecha_venta,precio,cliente
F00001,PROD-1,10,2024-02-15,25.50,CLI-1
F00002,PROD-2,10,2024-03-15,25.50,CLI-2
F00003,PROD-3,10,2024-04-15,25.50,CLI-3
F00004,PROD-4,10,2024-05-15,25.50,CLI-4
F00005,PROD-0,10,2024-06-15,25.50,CLI-5
F00006,PROD-1,10,2024-07-15,25.50,CLI-6
F00007,PROD-2,10,2024-08-15,25.50,CLI-7
F00008,PROD-3,10,2024-09-15,25.50,CLI-0
F00009,PROD-4,10,2024-10-15,25.50,CLI-1
F00010,PROD-0,10,2024-11-15,25.50,CLI-2
F00011,PROD-1,10,2024-12-15,25.50,CLI-3
F00012,PROD-2,10,2024-01-15,25.50,CLI-4
F00013,PROD-3,10,2024-02-15,25.50,CLI-5
F00014,PROD-4,10,2024-03-15,25.50,CLI-6
F00015,PROD-0,10,2024-04-15,25.50,CLI-7
F00016,PROD-1,10,2024-05-15,25.50,CLI-0
F00017,PROD-2,10,2024-06-15,25.50,CLI-1
F00018,PROD-3,10,2024-07-15,25.50,CLI-2
F00019,PROD-4,10,2024-08-15,25.50,CLI-3
F00020,PROD-0,10,2024-09-15,25.50,CLI-4
F00021,PROD-1,10,2024-10-15,25.50,CLI-5
F00022,PROD-2,10,2024-11-15,25.50,CLI-6
F00023,PROD-3,10,2024-12-15,25.50,CLI-7
F00024,PROD-4,10,2024-01-15,25.50,CLI-0
F00025,PROD-0,10,2024-02-15,25.50,CLI-1
F00026,PROD-1,10,2024-03-15,25.50,CLI-2
F00027,PROD-2,10,2024-04-15,25.50,CLI-3
F00028,PROD-3,10,2024-05-15,25.50,CLI-4
F00029,PROD-4,10,2024-06-15,25.50,CLI-5
F00030,PROD-0,10,2024-07-15,25.50,CLI-6
F00031,PROD-1,10,2024-08-15,25.50,CLI-7
F00032,PROD-2,10,2024-09-15,25.50,CLI-0
F00033,PROD-3,10,2024-10-15,25.50,CLI-1
F00034,PROD-4,10,2024-11-15,25.50,CLI-2
F00035,PROD-0,10,2024-12-15,25.50,CLI-3
F00036,PROD-1,10,2024-01-15,25.50,CLI-4
F00037,PROD-2,10,2024-02-15,25.50,CLI-5
F00038,PROD-3,10,2024-03-15,25.50,CLI-6
F00039,PROD-4,10,2024-04-15,25.50,CLI-7
F00040,PROD-0,10,2024-05-15,25.50,CLI-0
