Invoice,producto,Quantity,InvoiceDate,UnitPrice,CustomerID
F00001,PROD-1,2,2024-02-15,20.99,CLI-1
F00002,PROD-2,3,2024-03-15,21.99,CLI-2
F00003,PROD-3,4,2024-04-15,22.99,CLI-3
F00004,PROD-4,5,2024-05-15,23.99,CLI-4
F00005,PROD-5,6,2024-06-15,24.99,CLI-5
F00006,PROD-6,7,2024-07-15,25.99,CLI-6
F00007,PROD-7,8,2024-08-15,26.99,CLI-7
F00008,PROD-8,9,2024-09-15,27.99,CLI-8
F00009,PROD-9,1,2024-10-15,28.99,CLI-9
F00010,PROD-10,2,2024-11-15,29.99,CLI-10
F00011,PROD-11,3,2024-12-15,30.99,CLI-11
F00012,PROD-0,4,2024-01-15,31.99,CLI-12
F00013,PROD-1,5,2024-02-15,32.989999999999995,CLI-13
F00014,PROD-2,6,2024-03-15,33.989999999999995,CLI-14
F00015,PROD-3,7,2024-04-15,34.989999999999995,CLI-15
F00016,PROD-4,8,2024-05-15,35.989999999999995,CLI-16
F00017,PROD-5,9,2024-06-15,36.99,CLI-17
F00018,PROD-6,1,2024-07-15,37.99,CLI-18
F00019,PROD-7,2,2024-08-15,38.99,CLI-19
F00020,PROD-8,3,2024-09-15,19.99,CLI-20
F00021,PROD-9,4,2024-10-15,20.99,CLI-21
F00022,PROD-10,5,2024-11-15,21.99,CLI-22
F00023,PROD-11,6,2024-12-15,22.99,CLI-23
F00024,PROD-0,7,2024-01-15,23.99,CLI-24
F00025,PROD-1,8,2024-02-15,24.99,CLI-0
F00026,PROD-2,9,2024-03-15,25.99,CLI-1
F00027,PROD-3,1,2024-04-15,26.99,CLI-2
F00028,PROD-4,2,2024-05-15,27.99,CLI-3
F00029,PROD-5,3,2024-06-15,28.99,CLI-4
F00030,PROD-6,4,2024-07-15,29.99,CLI-5
F00031,PROD-7,5,2024-08-15,30.99,CLI-6
F00032,PROD-8,6,2024-09-15,31.99,CLI-7
F00033,PROD-9,7,2024-10-15,32.989999999999995,CLI-8
F00034,PROD-10,8,2024-11-15,33.989999999999995,CLI-9
F00035,PROD-11,9,2024-12-15,34.989999999999995,CLI-10
F00036,PROD-0,1,2024-01-15,35.989999999999995,CLI-11
F00037,PROD-1,2,2024-02-15,36.99,CLI-12
F00038,PROD-2,3,2024-03-15,37.99,CLI-13
F00039,PROD-3,4,2024-04-15,38.99,CLI-14
F00040,PROD-4,5,2024-05-15,19.99,CLI-15
F00041,PROD-5,6,2024-06-15,20.99,CLI-16
F00042,PROD-6,7,2024-07-15,21.99,CLI-17
F00043,PROD-7,8,2024-08-15,22.99,CLI-18
F00044,PROD-8,9,2024-09-15,23.99,CLI-19
F00045,PROD-9,1,2024-10-15,24.99,CLI-20
F00046,PROD-10,2,2024-11-15,25.99,CLI-21
F00047,PROD-11,3,2024-12-15,26.99,CLI-22
F00048,PROD-0,4,2024-01-15,27.99,CLI-23
F00049,PROD-1,5,2024-02-15,28.99,CLI-24
F00050,PROD-2,6,2024-03-15,29.99,CLI-0
F00051,PROD-3,7,2024-04-15,30.99,CLI-1
F00052,PROD-4,8,2024-05-15,31.99,CLI-2
F00053,PROD-5,9,2024-06-15,32.989999999999995,CLI-3
F00054,PROD-6,1,2024-07-15,33.989999999999995,CLI-4
F00055,PROD-7,2,2024-08-15,34.989999999999995,CLI-5
F00056,PROD-8,3,2024-09-15,35.989999999999995,CLI-6
F00057,PROD-9,4,2024-10-15,36.99,CLI-7
F00058,PROD-10,5,2024-11-15,37.99,CLI-8
F00059,PROD-11,6,2024-12-15,38.99,CLI-9
F00060,PROD-0,7,2024-01-15,19.99,CLI-10
F00061,PROD-1,8,2024-02-15,20.99,CLI-11
F00062,PROD-2,9,2024-03-15,21.99,CLI-12
F00063,PROD-3,1,2024-04-15,22.99,CLI-13
F00064,PROD-4,2,2024-05-15,23.99,CLI-14
F00065,PROD-5,3,2024-06-15,24.99,CLI-15
F00066,PROD-6,4,2024-07-15,25.99,CLI-16
F00067,PROD-7,5,2024-08-15,26.99,CLI-17
F00068,PROD-8,6,2024-09-15,27.99,CLI-18
F00069,PROD-9,7,2024-10-15,28.99,CLI-19
F00070,PROD-10,8,2024-11-15,29.99,CLI-20
F00071,PROD-11,9,2024-12-15,30.99,CLI-21
F00072,PROD-0,1,2024-01-15,31.99,CLI-22
F00073,PROD-1,2,2024-02-15,32.989999999999995,CLI-23
F00074,PROD-2,3,2024-03-15,33.989999999999995,CLI-24
F00075,PROD-3,4,2024-04-15,34.989999999999995,CLI-0
F00076,PROD-4,5,2024-05-15,35.989999999999995,CLI-1
F00077,PROD-5,6,2024-06-15,36.99,CLI-2
F00078,PROD-6,7,2024-07-15,37.99,CLI-3
F00079,PROD-7,8,2024-08-15,38.99,CLI-4
F00080,PROD-8,9,2024-09-15,19.99,CLI-5
F00081,PROD-9,1,2024-10-15,20.99,CLI-6
F00082,PROD-10,2,2024-11-15,21.99,CLI-7
F00083,PROD-11,3,2024-12-15,22.99,CLI-8
F00084,PROD-0,4,2024-01-15,23.99,CLI-9
F00085,PROD-1,5,2024-02-15,24.99,CLI-10
F00086,PROD-2,6,2024-03-15,25.99,CLI-11
F00087,PROD-3,7,2024-04-15,26.99,CLI-12
F00088,PROD-4,8,2024-05-15,27.99,CLI-13
F00089,PROD-5,9,2024-06-15,28.99,CLI-14
F00090,PROD-6,1,2024-07-15,29.99,CLI-15
F00091,PROD-7,2,2024-08-15,30.99,CLI-16
F00092,PROD-8,3,2024-09-15,31.99,CLI-17
F00093,PROD-9,4,2024-10-15,32.989999999999995,CLI-18
F00094,PROD-10,5,2024-11-15,33.989999999999995,CLI-19
F00095,PROD-11,6,2024-12-15,34.989999999999995,CLI-20
F00096,PROD-0,7,2024-01-15,35.989999999999995,CLI-21
F00097,PROD-1,8,2024-02-15,36.99,CLI-22
F00098,PROD-2,9,2024-03-15,37.99,CLI-23
F00099,PROD-3,1,2024-04-15,38.99,CLI-24
F00100,PROD-4,2,2024-05-15,19.99,CLI-0
F00101,PROD-5,3,2024-06-15,20.99,CLI-1
F00102,PROD-6,4,2024-07-15,21.99,CLI-2
F00103,PROD-7,5,2024-08-15,22.99,CLI-3
F00104,PROD-8,6,2024-09-15,23.99,CLI-4
F00105,PROD-9,7,2024-10-15,24.99,CLI-5
F00106,PROD-10,8,2024-11-15,25.99,CLI-6
F00107,PROD-11,9,2024-12-15,26.99,CLI-7
F00108,PROD-0,1,2024-01-15,27.99,CLI-8
F00109,PROD-1,2,2024-02-15,28.99,CLI-9
F00110,PROD-2,3,2024-03-15,29.99,CLI-10
F00111,PROD-3,4,2024-04-15,30.99,CLI-11
F00112,PROD-4,5,2024-05-15,31.99,CLI-12
F00113,PROD-5,6,2024-06-15,32.989999999999995,CLI-13
F00114,PROD-6,7,2024-07-15,33.989999999999995,CLI-14
F00115,PROD-7,8,2024-08-15,34.989999999999995,CLI-15
F00116,PROD-8,9,2024-09-15,35.989999999999995,CLI-16
F00117,PROD-9,1,2024-10-15,36.99,CLI-17
F00118,PROD-10,2,2024-11-15,37.99,CLI-18
F00119,PROD-11,3,2024-12-15,38.99,CLI-19
F00120,PROD-0,4,2024-01-15,19.99,CLI-20
F00121,PROD-1,5,2024-02-15,20.99,CLI-21
F00122,PROD-2,6,2024-03-15,21.99,CLI-22
F00123,PROD-3,7,2024-04-15,22.99,CLI-23
F00124,PROD-4,8,2024-05-15,23.99,CLI-24
F00125,PROD-5,9,2024-06-15,24.99,CLI-0
F00126,PROD-6,1,2024-07-15,25.99,CLI-1
F00127,PROD-7,2,2024-08-15,26.99,CLI-2
F00128,PROD-8,3,2024-09-15,27.99,CLI-3
F00129,PROD-9,4,2024-10-15,28.99,CLI-4
F00130,PROD-10,5,2024-11-15,29.99,CLI-5
F00131,PROD-11,6,2024-12-15,30.99,CLI-6
F00132,PROD-0,7,2024-01-15,31.99,CLI-7
F00133,PROD-1,8,2024-02-15,32.989999999999995,CLI-8
F00134,PROD-2,9,2024-03-15,33.989999999999995,CLI-9
F00135,PROD-3,1,2024-04-15,34.989999999999995,CLI-10
F00136,PROD-4,2,2024-05-15,35.989999999999995,CLI-11
F00137,PROD-5,3,2024-06-15,36.99,CLI-12
F00138,PROD-6,4,2024-07-15,37.99,CLI-13
F00139,PROD-7,5,2024-08-15,38.99,CLI-14
F00140,PROD-8,6,2024-09-15,19.99,CLI-15
F00141,PROD-9,7,2024-10-15,20.99,CLI-16
F00142,PROD-10,8,2024-11-15,21.99,CLI-17
F00143,PROD-11,9,2024-12-15,22.99,CLI-18
F00144,PROD-0,1,2024-01-15,23.99,CLI-19
F00145,PROD-1,2,2024-02-15,24.99,CLI-20
F00146,PROD-2,3,2024-03-15,25.99,CLI-21
F00147,PROD-3,4,2024-04-15,26.99,CLI-22
F00148,PROD-4,5,2024-05-15,27.99,CLI-23
F00149,PROD-5,6,2024-06-15,28.99,CLI-24
F00150,PROD-6,7,2024-07-15,29.99,CLI-0
F00151,PROD-7,8,2024-08-15,30.99,CLI-1
F00152,PROD-8,9,2024-09-15,31.99,CLI-2
F00153,PROD-9,1,2024-10-15,32.989999999999995,CLI-3
F00154,PROD-10,2,2024-11-15,33.989999999999995,CLI-4
F00155,PROD-11,3,2024-12-15,34.989999999999995,CLI-5
F00156,PROD-0,4,2024-01-15,35.989999999999995,CLI-6
F00157,PROD-1,5,2024-02-15,36.99,CLI-7
F00158,PROD-2,6,2024-03-15,37.99,CLI-8
F00159,PROD-3,7,2024-04-15,38.99,CLI-9
F00160,PROD-4,8,2024-05-15,19.99,CLI-10
F00161,PROD-5,9,2024-06-15,20.99,CLI-11
F00162,PROD-6,1,2024-07-15,21.99,CLI-12
F00163,PROD-7,2,2024-08-15,22.99,CLI-13
F00164,PROD-8,3,2024-09-15,23.99,CLI-14
F00165,PROD-9,4,2024-10-15,24.99,CLI-15
F00166,PROD-10,5,2024-11-15,25.99,CLI-16
F00167,PROD-11,6,2024-12-15,26.99,CLI-17
F00168,PROD-0,7,2024-01-15,27.99,CLI-18
F00169,PROD-1,8,2024-02-15,28.99,CLI-19
F00170,PROD-2,9,2024-03-15,29.99,CLI-20
F00171,PROD-3,1,2024-04-15,30.99,CLI-21
F00172,PROD-4,2,2024-05-15,31.99,CLI-22
F00173,PROD-5,3,2024-06-15,32.989999999999995,CLI-23
F00174,PROD-6,4,2024-07-15,33.989999999999995,CLI-24
F00175,PROD-7,5,2024-08-15,34.989999999999995,CLI-0
F00176,PROD-8,6,2024-09-15,35.989999999999995,CLI-1
F00177,PROD-9,7,2024-10-15,36.99,CLI-2
F00178,PROD-10,8,2024-11-15,37.99,CLI-3
F00179,PROD-11,9,2024-12-15,38.99,CLI-4
F00180,PROD-0,1,2024-01-15,19.99,CLI-5
F00181,PROD-1,2,2024-02-15,20.99,CLI-6
F00182,PROD-2,3,2024-03-15,21.99,CLI-7
F00183,PROD-3,4,2024-04-15,22.99,CLI-8
F00184,PROD-4,5,2024-05-15,23.99,CLI-9
F00185,PROD-5,6,2024-06-15,24.99,CLI-10
F00186,PROD-6,7,2024-07-15,25.99,CLI-11
F00187,PROD-7,8,2024-08-15,26.99,CLI-12
F00188,PROD-8,9,2024-09-15,27.99,CLI-13
F00189,PROD-9,1,2024-10-15,28.99,CLI-14
F00190,PROD-10,2,2024-11-15,29.99,CLI-15
F00191,PROD-11,3,2024-12-15,30.99,CLI-16
F00192,PROD-0,4,2024-01-15,31.99,CLI-17
F00193,PROD-1,5,2024-02-15,32.989999999999995,CLI-18
F00194,PROD-2,6,2024-03-15,33.989999999999995,CLI-19
F00195,PROD-3,7,2024-04-15,34.989999999999995,CLI-20
F00196,PROD-4,8,2024-05-15,35.989999999999995,CLI-21
F00197,PROD-5,9,2024-06-15,36.99,CLI-22
F00198,PROD-6,1,2024-07-15,37.99,CLI-23
F00199,PROD-7,2,2024-08-15,38.99,CLI-24
F00200,PROD-8,3,2024-09-15,19.99,CLI-0
